Player,Position,DS_Baseline,DS_MarketValue,DS_Value
Josh Allen,QB,48.0,44.0,100.0
Jahmyr Gibbs,RB,49.0,49.0,95.7
Puka Nacua,WR,47.0,44.0,95.2
Ja'Marr Chase,WR,48.0,47.0,92.7
Bijan Robinson,RB,46.0,46.0,90.9
Christian McCaffrey,RB,45.0,45.0,85.5
Jaxon Smith-Njigba,WR,42.0,41.0,81.6
Amon-Ra St. Brown,WR,48.0,49.0,79.6
Lamar Jackson,QB,35.0,34.0,76.4
CeeDee Lamb,WR,41.0,40.0,73.3
Justin Jefferson,WR,38.0,36.0,71.7
Drake Maye,QB,32.0,30.0,70.1
Jayden Daniels,QB,31.0,27.0,69.7
Joe Burrow,QB,30.0,24.0,67.8
Jonathan Taylor,RB,39.0,45.0,67.4
Jalen Hurts,QB,30.0,26.0,66.8
James Cook,RB,33.0,33.0,66.3
Drake London,WR,34.0,35.0,59.4
Trevor Lawrence,QB,27.0,20.0,59.2
Kenneth Walker III,RB,30.0,28.0,59.1
A.J. Brown,WR,28.0,25.0,59.1
Justin Herbert,QB,26.0,20.0,58.4
Brock Purdy,QB,26.0,20.0,57.7
Saquon Barkley,RB,31.0,33.0,57.5
Caleb Williams,QB,26.0,20.0,57.3
