Player,Position,Team,ESPN_Baseline,ESPN_Rank,Bye
Josh Allen,QB,BUF,59.0,1,7
Jayden Daniels,QB,WAS,58.0,2,7
Lamar Jackson,QB,BAL,58.0,3,13
Jahmyr Gibbs,RB,DET,57.0,4,6
Bijan Robinson,RB,ATL,57.0,5,11
Ja'Marr Chase,WR,CIN,55.0,6,6
Puka Nacua,WR,LAR,53.0,7,11
Jaxon Smith-Njigba,WR,SEA,51.0,8,11
Christian McCaffrey,RB,SF,49.0,9,8
Drake Maye,QB,NE,48.0,10,11
Jalen Hurts,QB,PHI,46.0,11,10
Jonathan Taylor,RB,IND,44.0,12,13
Amon-Ra St. Brown,WR,DET,43.0,13,6
CeeDee Lamb,WR,DAL,42.0,14,14
De'Von Achane,RB,MIA,41.0,15,6
Joe Burrow,QB,CIN,40.0,16,6
Jaxson Dart,QB,NYG,38.0,17,8
James Cook III,RB,BUF,37.0,18,7
Justin Jefferson,WR,MIN,36.0,19,6
Drake London,WR,ATL,35.0,20,11
Trey McBride,TE,ARI,34.0,21,14
Jeremiyah Love,RB,ARI,33.0,22,14
Rashee Rice,WR,KC,32.0,23,5
Nico Collins,WR,HOU,32.0,24,8
Trevor Lawrence,QB,JAC,31.0,25,7
Dak Prescott,QB,DAL,30.0,26,14
Bo Nix,QB,DEN,30.0,27,10
Saquon Barkley,RB,PHI,29.0,28,10
Derrick Henry,RB,BAL,28.0,29,13
Ashton Jeanty,RB,LV,26.0,30,13
Kenneth Walker III,RB,KC,26.0,31,5
Brock Bowers,TE,LV,25.0,32,13
Brock Purdy,QB,SF,24.0,33,8
Matthew Stafford,QB,LAR,23.0,34,11
A.J. Brown,WR,NE,22.0,35,11
Chris Olave,WR,NO,22.0,36,8
Malik Nabers,WR,NYG,22.0,37,8
Caleb Williams,QB,CHI,21.0,38,10
Justin Herbert,QB,LAC,21.0,39,7
Chase Brown,RB,CIN,20.0,40,6
Omarion Hampton,RB,LAC,19.0,41,7
Breece Hall,RB,NYJ,19.0,42,13
Josh Jacobs,RB,GB,18.0,43,11
Patrick Mahomes,QB,KC,17.0,44,5
Javonte Williams,RB,DAL,17.0,45,14
Travis Etienne Jr.,RB,NO,15.0,46,8
Garrett Wilson,WR,NYJ,15.0,47,13
George Pickens,WR,DAL,14.0,48,14
Tetairoa McMillan,WR,CAR,13.0,49,5
Zay Flowers,WR,BAL,13.0,50,13
DeVonta Smith,WR,PHI,12.0,51,10
Emeka Egbuka,WR,TB,11.0,52,10
Davante Adams,WR,LAR,11.0,53,11
Ladd McConkey,WR,LAC,10.0,54,7
Terry McLaurin,WR,WAS,10.0,55,7
Kyren Williams,RB,LAR,10.0,56,11
Quinshon Judkins,RB,CLE,10.0,57,11
Cam Skattebo,RB,NYG,9.0,58,8
Bucky Irving,RB,TB,9.0,59,10
Kyler Murray,QB,MIN,9.0,60,6
Tyler Shough,QB,NO,8.0,61,8
Colston Loveland,TE,CHI,8.0,62,10
Tyler Warren,TE,IND,8.0,63,13
Tee Higgins,WR,CIN,7.0,64,6
Jaylen Waddle,WR,DEN,7.0,65,10
Rome Odunze,WR,CHI,7.0,66,10
Jameson Williams,WR,DET,7.0,67,6
DJ Moore,WR,BUF,6.0,68,7
Luther Burden III,WR,CHI,6.0,69,10
D'Andre Swift,RB,CHI,6.0,70,10
Bhayshul Tuten,RB,JAC,6.0,71,7
David Montgomery,RB,HOU,6.0,72,8
Jadarian Price,RB,SEA,6.0,73,11
Kyle Pitts Sr.,TE,ATL,5.0,74,11
Harold Fannin Jr.,TE,CLE,5.0,75,11
Sam LaPorta,TE,DET,5.0,76,6
Rhamondre Stevenson,RB,NE,5.0,77,11
Carnell Tate,WR,TEN,4.0,78,9
Jared Goff,QB,DET,4.0,79,6
Daniel Jones,QB,IND,4.0,80,13
Baker Mayfield,QB,TB,4.0,81,10
Courtland Sutton,WR,DEN,4.0,82,10
Michael Pittman Jr.,WR,PIT,4.0,83,9
Marvin Harrison Jr.,WR,ARI,4.0,84,14
DK Metcalf,WR,PIT,4.0,85,9
Parker Washington,WR,JAC,4.0,86,7
Alec Pierce,WR,IND,3.0,87,13
Jaylen Warren,RB,PIT,3.0,88,9
Rico Dowdle,RB,PIT,3.0,89,9
Jonathon Brooks,RB,CAR,3.0,90,5
Christian Watson,WR,GB,3.0,91,11
Mike Evans,WR,SF,3.0,92,8
Matthew Golden,WR,GB,3.0,93,11
Brian Thomas Jr.,WR,JAC,3.0,94,7
TreVeyon Henderson,RB,NE,3.0,95,11
Tony Pollard,RB,TEN,2.0,96,9
Kenny Gainwell,RB,TB,2.0,97,10
Chuba Hubbard,RB,CAR,2.0,98,5
Michael Wilson,WR,ARI,2.0,99,14
Jakobi Meyers,WR,JAC,2.0,100,7
George Kittle,TE,SF,2.0,101,8
Tucker Kraft,TE,GB,2.0,102,11
Wan'Dale Robinson,WR,TEN,2.0,103,9
Malik Willis,QB,MIA,2.0,104,6
Jordan Love,QB,GB,2.0,105,11
C.J. Stroud,QB,HOU,2.0,106,8
Sam Darnold,QB,SEA,2.0,107,11
Jordan Addison,WR,MIN,2.0,108,6
De'Zhaun Stribling,WR,SF,2.0,109,8
Khalil Shakir,WR,BUF,2.0,110,7
Jayden Reed,WR,GB,2.0,111,11
Dallas Goedert,TE,PHI,2.0,112,10
Travis Kelce,TE,KC,2.0,113,5
Jake Ferguson,TE,DAL,2.0,114,14
Mark Andrews,TE,BAL,2.0,115,13
Isaiah Likely,TE,NYG,2.0,116,8
Bryce Young,QB,CAR,2.0,117,5
Cam Ward,QB,TEN,2.0,118,9
Jacoby Brissett,QB,ARI,2.0,119,14
Xavier Worthy,WR,KC,2.0,120,5
Quentin Johnston,WR,LAC,1.0,121,7
Stefon Diggs,WR,WAS,1.0,122,7
J.K. Dobbins,RB,DEN,1.0,123,10
Kyle Monangai,RB,CHI,1.0,124,10
Jacory Croskey-Merritt,RB,WAS,1.0,125,7
Aaron Jones Sr.,RB,MIN,1.0,126,6
Rachaad White,RB,WAS,1.0,127,7
Dalton Kincaid,TE,BUF,1.0,128,7
T.J. Hockenson,TE,MIN,1.0,129,6
Hunter Henry,TE,NE,1.0,130,11
Terrance Ferguson,TE,LAR,1.0,131,11
Jordan Mason,RB,MIN,1.0,132,6
Blake Corum,RB,LAR,1.0,133,11
RJ Harvey,RB,DEN,1.0,134,10
Woody Marks,RB,HOU,1.0,135,8
Josh Downs,WR,IND,1.0,136,13
KC Concepcion,WR,CLE,1.0,137,11
Makai Lemon,WR,PHI,1.0,138,10
Chris Godwin Jr.,WR,TB,1.0,139,10
Deebo Samuel Sr.,WR,SF,1.0,140,8
Romeo Doubs,WR,NE,1.0,141,11
Jalen Coker,WR,CAR,1.0,142,5
Rashid Shaheed,WR,SEA,1.0,143,11
Jalen McMillan,WR,TB,1.0,144,10
Zach Charbonnet,RB,SEA,1.0,145,11
Tyjae Spears,RB,TEN,1.0,146,9
Chris Rodriguez Jr.,RB,JAC,1.0,147,7
Brian Robinson Jr.,RB,ATL,1.0,148,11
Geno Smith,QB,NYJ,1.0,149,13
Tyler Allgeier,RB,ARI,1.0,150,14
MarShawn Lloyd,RB,GB,1.0,151,11
Denzel Boston,WR,CLE,1.0,152,11
Jerry Jeudy,WR,CLE,1.0,153,11
Calvin Ridley,WR,TEN,1.0,154,9
Adonai Mitchell,WR,NYJ,1.0,155,13
Travis Hunter,WR,JAC,1.0,156,7
Caleb Douglas,WR,MIA,1.0,157,6
Jordyn Tyson,WR,NO,1.0,158,8
Tre Tucker,WR,LV,1.0,159,13
Jalen Nailor,WR,LV,1.0,160,13
Keaton Mitchell,RB,LAC,0.0,161,7
Isiah Pacheco,RB,DET,0.0,162,6
Jonah Coleman,RB,DEN,0.0,163,10
Kenyon Sadiq,TE,NYJ,0.0,164,13
Fernando Mendoza,QB,LV,0.0,165,13
Aaron Rodgers,QB,PIT,0.0,166,9
Deshaun Watson,QB,CLE,0.0,167,11
Tua Tagovailoa,QB,ATL,0.0,168,11
Texans D/ST,DST,HOU,0.0,169,8
Broncos D/ST,DST,DEN,0.0,170,10
Steelers D/ST,DST,PIT,0.0,171,9
Seahawks D/ST,DST,SEA,0.0,172,11
Rams D/ST,DST,LAR,0.0,173,11
Ravens D/ST,DST,BAL,0.0,174,13
Eagles D/ST,DST,PHI,0.0,175,10
Browns D/ST,DST,CLE,0.0,176,11
Patriots D/ST,DST,NE,0.0,177,11
Lions D/ST,DST,DET,0.0,178,6
Chiefs D/ST,DST,KC,0.0,179,5
Chargers D/ST,DST,LAC,0.0,180,7
Brandon Aubrey,K,DAL,0.0,181,14
Cameron Dicker,K,LAC,0.0,182,7
Jason Myers,K,SEA,0.0,183,11
Harrison Mevis,K,LAR,0.0,184,11
Ka'imi Fairbairn,K,HOU,0.0,185,8
Eddy Pineiro,K,SF,0.0,186,8
Harrison Butker,K,KC,0.0,187,5
Cam Little,K,JAC,0.0,188,7
Jake Bates,K,DET,0.0,189,6
Tyler Loop,K,BAL,0.0,190,13
Cairo Santos,K,CHI,0.0,191,10
Will Reichard,K,MIN,0.0,192,6
Keenan Allen,WR,IND,0.0,193,13
Mike Washington Jr.,RB,LV,0.0,194,13
Braelon Allen,RB,NYJ,0.0,195,13
Tank Bigsby,RB,PHI,0.0,196,10
Ray Davis,RB,BUF,0.0,197,7
Rashod Bateman,WR,BAL,0.0,198,13
Dylan Sampson,RB,CLE,0.0,199,11
Najee Harris,RB,NYG,0.0,200,8
Alvin Kamara,RB,NO,0.0,201,8
Justice Hill,RB,BAL,0.0,202,13
Dontayvion Wicks,WR,PHI,0.0,203,10
Devaughn Vele,WR,NO,0.0,204,8
Jaylin Noel,WR,HOU,0.0,205,8
Shedeur Sanders,QB,CLE,0.0,206,11
Kirk Cousins,QB,LV,0.0,207,13
Michael Penix Jr.,QB,ATL,0.0,208,11
J.J. McCarthy,QB,MIN,0.0,209,6
Ja'Kobi Lane,WR,BAL,0.0,210,13
Jauan Jennings,WR,MIN,0.0,211,6
Tank Dell,WR,HOU,0.0,212,8
Jordan James,RB,SF,0.0,213,8
Kaelon Black,RB,SF,0.0,214,8
Kimani Vidal,RB,LAC,0.0,215,7
Jaylen Wright,RB,MIA,0.0,216,6
Ollie Gordon II,RB,MIA,0.0,217,6
Samaje Perine,RB,CIN,0.0,218,6
Ty Johnson,RB,BUF,0.0,219,7
Isaiah Davis,RB,NYJ,0.0,220,13
Jaydon Blue,RB,DAL,0.0,221,14
Kaytron Allen,RB,WAS,0.0,222,7
Tyrone Tracy Jr.,RB,NYG,0.0,223,8
Nicholas Singleton,RB,TEN,0.0,224,9
Juwan Johnson,TE,NO,0.0,225,8
Brenton Strange,TE,JAC,0.0,226,7
Malachi Fields,WR,NYG,0.0,227,8
Germie Bernard,WR,PIT,0.0,228,9
Carson Beck,QB,ARI,0.0,229,14
Justin Fields,QB,KC,0.0,230,5
Tre Harris,WR,LAC,0.0,231,7
Ryan Flournoy,WR,DAL,0.0,232,14
Zachariah Branch,WR,ATL,0.0,233,11
Omar Cooper Jr.,WR,NYJ,0.0,234,13
Pat Freiermuth,TE,PIT,0.0,235,9
Buccaneers D/ST,DST,TB,0.0,236,10
Packers D/ST,DST,GB,0.0,237,11
Chris Boswell,K,PIT,0.0,238,9
Chase McLaughlin,K,TB,0.0,239,10
Kayshon Boutte,WR,HOU,0.0,240,8
Malik Washington,WR,MIA,0.0,241,6
Cooper Kupp,WR,SEA,0.0,242,11
Xavier Legette,WR,CAR,0.0,243,5
Jahan Dotson,WR,ATL,0.0,244,11
Darius Slayton,WR,NYG,0.0,245,8
Jalen Tolbert,WR,MIA,0.0,246,6
DeMario Douglas,WR,NE,0.0,247,11
Chris Bell,WR,MIA,0.0,248,6
Antonio Williams,WR,WAS,0.0,249,7
Demond Claiborne,RB,MIN,0.0,250,6
Adam Randall,RB,BAL,0.0,251,13
Emmett Johnson,RB,KC,0.0,252,5
LeQuint Allen,RB,JAC,0.0,253,7
George Holani,RB,SEA,0.0,254,11
Sean Tucker,RB,TB,0.0,255,10
James Conner,RB,ARI,0.0,256,14
Emari Demercado,RB,KC,0.0,257,5
Dalton Schultz,TE,HOU,0.0,258,8
Gunnar Helm,TE,TEN,0.0,259,9
Chig Okonkwo,TE,WAS,0.0,260,7
Joe Flacco,QB,CIN,0.0,261,6
Mac Jones,QB,SF,0.0,262,8
AJ Barner,TE,SEA,0.0,263,11
Seth McGowan,RB,IND,0.0,264,13
Tyquan Thornton,WR,KC,0.0,265,5
Keon Coleman,WR,BUF,0.0,266,7
Jaguars D/ST,DST,JAC,0.0,267,7
Saints D/ST,DST,NO,0.0,268,8
Evan McPherson,K,CIN,0.0,269,6
Nick Folk,K,ATL,0.0,270,11
Greg Dulcich,TE,MIA,0.0,271,6
Darren Waller,TE,CAR,0.0,272,5
Cade Otton,TE,TB,0.0,273,10
Isaac TeSlaa,WR,DET,0.0,274,6
Pat Bryant,WR,DEN,0.0,275,10
Darnell Mooney,WR,NYG,0.0,276,8
Marvin Mims Jr.,WR,DEN,0.0,277,10
Chris Brooks,RB,GB,0.0,278,11
Emanuel Wilson,RB,SEA,0.0,279,11
KaVontae Turpin,WR,DAL,0.0,280,14
Jack Bech,WR,LV,0.0,281,13
Tory Horton,WR,SEA,0.0,282,11
Ted Hurst,WR,TB,0.0,283,10
Kevin Coleman Jr.,WR,MIA,0.0,284,6
Will Shipley,RB,PHI,0.0,285,10
Malik Davis,RB,DAL,0.0,286,14
Kendre Miller,RB,NO,0.0,287,8
Tahj Brooks,RB,CIN,0.0,288,6
Trevor Etienne,RB,CAR,0.0,289,5
DJ Giddens,RB,IND,0.0,290,13
Jawhar Jordan,RB,HOU,0.0,291,8
Kaleb Johnson,RB,PIT,0.0,292,9
Andrei Iosivas,WR,CIN,0.0,293,6
Bears D/ST,DST,CHI,0.0,294,10
Jets D/ST,DST,NYJ,0.0,295,13
Trey Smack,K,GB,0.0,296,11
Jake Elliott,K,PHI,0.0,297,10
Evan Engram,TE,DEN,0.0,298,10
David Njoku,TE,LAC,0.0,299,7
Oronde Gadsden,TE,LAC,0.0,300,7
