Player,Position,Team,FP_PlayerId,FP_Baseline,FP_Points
Josh Allen,QB,BUF,17298,52.0,361.0
Lamar Jackson,QB,BAL,17233,37.0,315.0
Jalen Hurts,QB,PHI,19275,36.0,313.0
Jayden Daniels,QB,WAS,22902,36.0,312.0
Drake Maye,QB,NE,23046,35.0,310.0
Joe Burrow,QB,CIN,19196,32.0,299.0
Jaxson Dart,QB,NYG,23160,32.0,299.0
Dak Prescott,QB,DAL,15600,30.0,295.0
Trevor Lawrence,QB,JAC,19780,30.0,293.0
Brock Purdy,QB,SF,19797,30.0,293.0
Caleb Williams,QB,CHI,23084,29.0,292.0
Patrick Mahomes II,QB,KC,16413,29.0,291.0
Justin Herbert,QB,LAC,18635,28.0,288.0
Bo Nix,QB,DEN,22910,28.0,287.0
Matthew Stafford,QB,LAR,9451,27.0,285.0
Jared Goff,QB,DET,15501,25.0,278.0
Tyler Shough,QB,NO,23096,23.0,274.0
Baker Mayfield,QB,TB,17237,22.0,269.0
Kyler Murray,QB,MIN,18600,21.0,266.0
Daniel Jones,QB,IND,18232,20.0,263.0
Jordan Love,QB,GB,19246,20.0,260.0
Malik Willis,QB,MIA,23499,19.0,258.0
Sam Darnold,QB,SEA,17236,18.0,254.0
C.J. Stroud,QB,HOU,23071,17.0,249.0
Bryce Young,QB,CAR,22900,16.0,244.0
Cam Ward,QB,TEN,24755,11.0,222.0
Jacoby Brissett,QB,ARI,15642,11.0,220.0
Geno Smith,QB,NYJ,11687,11.0,220.0
Aaron Rodgers,QB,PIT,9001,10.0,214.0
Fernando Mendoza,QB,LV,28013,7.0,180.0
Deshaun Watson,QB,CLE,16398,1.0,128.0
Jahmyr Gibbs,RB,DET,22968,40.0,373.0
Bijan Robinson,RB,ATL,23133,37.0,357.0
Christian McCaffrey,RB,SF,16393,33.0,335.0
Jonathan Taylor,RB,IND,19217,28.0,310.0
De'Von Achane,RB,MIA,23136,24.0,292.0
Chase Brown,RB,CIN,25324,22.0,279.0
Derrick Henry,RB,BAL,15514,21.0,274.0
James Cook III,RB,BUF,22958,20.0,271.0
Saquon Barkley,RB,PHI,17240,19.0,265.0
Ashton Jeanty,RB,LV,25989,18.0,261.0
Kenneth Walker III,RB,KC,23021,18.0,258.0
Jeremiyah Love,RB,ARI,25403,18.0,256.0
Omarion Hampton,RB,LAC,25395,17.0,254.0
Breece Hall,RB,NYJ,22982,16.0,245.0
Josh Jacobs,RB,GB,18269,15.0,243.0
Kyren Williams,RB,LAR,23059,15.0,240.0
Travis Etienne Jr.,RB,NO,19231,14.0,237.0
Javonte Williams,RB,DAL,22739,13.0,234.0
Cam Skattebo,RB,NYG,27166,13.0,234.0
D'Andre Swift,RB,CHI,19210,11.0,224.0
Bucky Irving,RB,TB,25981,11.0,220.0
Quinshon Judkins,RB,CLE,25391,10.0,217.0
Bhayshul Tuten,RB,JAC,27297,9.0,207.0
David Montgomery,RB,HOU,18239,8.0,196.0
Jaylen Warren,RB,PIT,24209,7.0,193.0
Rhamondre Stevenson,RB,NE,22726,7.0,193.0
TreVeyon Henderson,RB,NE,23065,7.0,191.0
Jadarian Price,RB,SEA,27329,7.0,190.0
Tony Pollard,RB,TEN,18705,7.0,188.0
Rico Dowdle,RB,PIT,19647,6.0,180.0
J.K. Dobbins,RB,DEN,19245,6.0,176.0
Chuba Hubbard,RB,CAR,19792,5.0,174.0
Kenny Gainwell,RB,TB,23310,5.0,172.0
Jonathon Brooks,RB,CAR,26148,5.0,164.0
RJ Harvey,RB,DEN,27142,5.0,162.0
Rachaad White,RB,WAS,23891,5.0,161.0
Aaron Jones Sr.,RB,MIN,16673,5.0,161.0
Kyle Monangai,RB,CHI,27131,4.0,156.0
Jacory Croskey-Merritt,RB,WAS,27316,4.0,147.0
Jordan Mason,RB,MIN,22969,4.0,145.0
Blake Corum,RB,LAR,23013,3.0,139.0
Tyjae Spears,RB,TEN,25323,3.0,138.0
Isiah Pacheco,RB,DET,24333,2.0,124.0
Woody Marks,RB,HOU,27520,2.0,124.0
Zach Charbonnet,RB,SEA,23152,2.0,123.0
Alvin Kamara,RB,NO,16421,2.0,118.0
Justice Hill,RB,BAL,18256,1.0,112.0
Dylan Sampson,RB,CLE,27102,1.0,111.0
MarShawn Lloyd,RB,GB,23118,1.0,104.0
Puka Nacua,WR,LAR,23180,39.0,340.0
Ja'Marr Chase,WR,CIN,19788,38.0,336.0
Jaxon Smith-Njigba,WR,SEA,23070,35.0,326.0
Amon-Ra St. Brown,WR,DET,19799,34.0,320.0
Drake London,WR,ATL,23163,24.0,276.0
CeeDee Lamb,WR,DAL,19202,23.0,273.0
Justin Jefferson,WR,MIN,19236,23.0,273.0
Rashee Rice,WR,KC,23113,22.0,268.0
Chris Olave,WR,NO,20111,21.0,262.0
A.J. Brown,WR,NE,18218,19.0,256.0
George Pickens,WR,DAL,22963,18.0,252.0
Nico Collins,WR,HOU,20130,18.0,248.0
Garrett Wilson,WR,NYJ,23072,16.0,243.0
Zay Flowers,WR,BAL,22916,16.0,242.0
Malik Nabers,WR,NYG,25409,16.0,241.0
DeVonta Smith,WR,PHI,19222,15.0,237.0
Tetairoa McMillan,WR,CAR,25417,14.0,234.0
Emeka Egbuka,WR,TB,23062,13.0,228.0
Davante Adams,WR,LAR,12123,12.0,222.0
Tee Higgins,WR,CIN,19211,11.0,222.0
Ladd McConkey,WR,LAC,26122,11.0,220.0
Jameson Williams,WR,DET,23677,10.0,217.0
Jaylen Waddle,WR,DEN,19790,9.0,210.0
Terry McLaurin,WR,WAS,18466,9.0,210.0
DJ Moore,WR,BUF,17265,8.0,208.0
Luther Burden III,WR,CHI,27016,8.0,208.0
Rome Odunze,WR,CHI,25411,8.0,205.0
Mike Evans,WR,SF,12119,7.0,203.0
Marvin Harrison Jr.,WR,ARI,23064,6.0,199.0
Courtland Sutton,WR,DEN,17253,6.0,199.0
DK Metcalf,WR,PIT,18219,6.0,195.0
Christian Watson,WR,GB,23886,5.0,194.0
Alec Pierce,WR,IND,23791,5.0,192.0
Michael Pittman Jr.,WR,PIT,19278,5.0,190.0
Parker Washington,WR,JAC,23106,4.0,184.0
Brian Thomas Jr.,WR,JAC,23000,4.0,181.0
Wan'Dale Robinson,WR,TEN,22985,3.0,179.0
Jakobi Meyers,WR,JAC,18598,3.0,179.0
Carnell Tate,WR,TEN,26009,3.0,178.0
Michael Wilson,WR,ARI,25333,3.0,178.0
Chris Godwin Jr.,WR,TB,16406,3.0,176.0
Jayden Reed,WR,GB,23020,3.0,175.0
KC Concepcion,WR,CLE,27331,2.0,170.0
Quentin Johnston,WR,LAC,23123,2.0,170.0
Jordan Addison,WR,MIN,23107,2.0,169.0
Xavier Worthy,WR,KC,23019,2.0,168.0
Stefon Diggs,WR,WAS,13981,1.0,166.0
Khalil Shakir,WR,BUF,23748,1.0,165.0
Josh Downs,WR,IND,24706,1.0,164.0
Romeo Doubs,WR,NE,23794,1.0,164.0
Deebo Samuel Sr.,WR,SF,18244,1.0,163.0
De'Zhaun Stribling,WR,SF,28138,1.0,160.0
Trey McBride,TE,ARI,22936,25.0,256.0
Brock Bowers,TE,LV,22955,22.0,244.0
Colston Loveland,TE,CHI,26006,13.0,211.0
Tyler Warren,TE,IND,26434,10.0,199.0
Harold Fannin Jr.,TE,CLE,27050,10.0,199.0
Kyle Pitts Sr.,TE,ATL,20164,7.0,188.0
George Kittle,TE,SF,16499,6.0,185.0
Sam LaPorta,TE,DET,22978,6.0,184.0
Travis Kelce,TE,KC,11594,6.0,183.0
Dallas Goedert,TE,PHI,17270,5.0,179.0
Tucker Kraft,TE,GB,25298,4.0,176.0
Jake Ferguson,TE,DAL,22718,3.0,167.0
Mark Andrews,TE,BAL,17269,3.0,167.0
Isaiah Likely,TE,NYG,23781,2.0,165.0
Dalton Kincaid,TE,BUF,25247,1.0,160.0
Juwan Johnson,TE,NO,19562,1.0,155.0
