Team,Manager,Player,KeeperCost,KeeperYear
AL,Andrew Latzke,Jayden Daniels,15,3/3
AL,Andrew Latzke,Jaxson Dart,4,2/3
AL,Andrew Latzke,Brock Bowers,1,3/3
LATZ,Nick Latzke,Jahmyr Gibbs,37,3/3
LATZ,Nick Latzke,Drake Maye,13,2/3
LATZ,Nick Latzke,Rashee Rice,6,2/3
RV,Blake Doerring,Justin Jefferson,42,3/3
RV,Blake Doerring,Jonathan Taylor,39,3/3
RV,Blake Doerring,Ja'Marr Chase,39,3/3
SDC,Isaac Kim,Jaxon Smith-Njigba,1,3/3
SDC,Isaac Kim,Caleb Williams,18,2/3
SDC,Isaac Kim,Bijan Robinson,54,2/3
40m,Connor Haley,Puka Nacua,20,3/3
40m,Connor Haley,Devon Achane,23,3/3
40m,Connor Haley,James Cook,25,2/3
KAHN,Aiden Kahn,George Pickens,13,2/3
KAHN,Aiden Kahn,Trey McBride,24,2/3
KAHN,Aiden Kahn,Jared Goff,5,2/3
B2B,Sebastian Canizares,Jalen Hurts,17,3/3
B2B,Sebastian Canizares,Malik Nabers,14,3/3
B2B,Sebastian Canizares,Zay Flowers,4,3/3
iKim,John Gormley,Josh Allen,39,3/3
iKim,John Gormley,Trevor Lawrence,6,3/3
iKim,John Gormley,Ladd McConkey,3,3/3
DAL,Chas Sheffield,Justin Herbert,12,2/3
DAL,Chas Sheffield,Matt Stafford,7,2/3
DAL,Chas Sheffield,Saquon Barkley,32,3/3
TINT,Nick DeFrancisco,Derrick Henry,43,2/3
TINT,Nick DeFrancisco,Amon-Ra St. Brown,40,2/3
TINT,Nick DeFrancisco,Chase Brown,29,2/3
