Player,Position,Low,Target,Exit
Lamar Jackson,QB,38,42,45
Christian McCaffrey,RB,35,40,47
CeeDee Lamb,WR,36,40,52
Drake London,WR,33,37,47
Joe Burrow,QB,30,35,45
Nico Collins,WR,26,29,36
Jeremiyah Love,RB,30,33,35
Dak Prescott,QB,23,27,35
Chris Olave,WR,20,22,30
Brock Purdy,QB,20,22,27
Ashton Jeanty,RB,24,27,36
Bo Nix,QB,20,23,26
A.J. Brown,WR,19,24,34
Kenneth Walker III,RB,18,26,35
Omarion Hampton,RB,17,24,33
Patrick Mahomes II,QB,17,19,27
Breece Hall,RB,16,20,24
Garrett Wilson,WR,15,18,21
Josh Jacobs,RB,12,14,16
Tetairoa McMillan,WR,13,15,20
Kyler Murray,QB,8,10,20
Javonte Williams,RB,13,15,19
DeVonta Smith,WR,10,14,21
Colston Loveland,TE,7,9,19
Emeka Egbuka,WR,10,13,16
Travis Etienne Jr.,RB,6,7,8
Tyler Shough,QB,7,9,17
Kyren Williams,RB,8,12,17
Davante Adams,WR,8,11,14
Tyler Warren,TE,6,9,15
Tee Higgins,WR,5,7,14
Baker Mayfield,QB,2,5,12
Daniel Jones,QB,2,6,15
Jordan Love,QB,1,3,11
Quinshon Judkins,RB,8,10,13
Bucky Irving,RB,7,9,17
Terry McLaurin,WR,6,8,11
C.J. Stroud,QB,1,1,2
Jaylen Waddle,WR,5,7,14
Jameson Williams,WR,5,8,20
Malik Willis,QB,1,3,12
Sam Darnold,QB,2,3,8
Cam Skattebo,RB,7,9,15
Bryce Young,QB,1,3,9
Luther Burden III,WR,4,5,6
Rome Odunze,WR,5,6,7
Harold Fannin Jr.,TE,2,3,4
DJ Moore,WR,4,6,12
D'Andre Swift,RB,3,4,6
Jacoby Brissett,QB,1,2,3
Sam LaPorta,TE,3,5,9
Kyle Pitts Sr.,TE,4,5,7
Bhayshul Tuten,RB,4,6,13
Mike Evans,WR,1,2,3
Geno Smith,QB,1,1,1
Cam Ward,QB,1,3,8
Christian Watson,WR,2,3,10
David Montgomery,RB,2,3,4
Aaron Rodgers,QB,0,0,0
Fernando Mendoza,QB,1,3,4
Tucker Kraft,TE,1,2,6
Marvin Harrison Jr.,WR,2,3,4
Parker Washington,WR,2,3,4
Jadarian Price,RB,4,7,12
DK Metcalf,WR,3,4,6
George Kittle,TE,1,2,5
Courtland Sutton,WR,2,4,7
Michael Pittman Jr.,WR,2,3,4
Rhamondre Stevenson,RB,2,3,4
Carnell Tate,WR,3,4,6
TreVeyon Henderson,RB,3,4,6
Brian Thomas Jr.,WR,1,2,3
Jaylen Warren,RB,1,2,3
Travis Kelce,TE,1,3,6
Alec Pierce,WR,1,2,2
Jordan Addison,WR,1,3,5
Jayden Reed,WR,1,1,2
Jakobi Meyers,WR,1,1,2
Jonathon Brooks,RB,2,4,9
Rico Dowdle,RB,2,3,8
Tony Pollard,RB,1,1,1
Michael Wilson,WR,2,3,5
Wan'Dale Robinson,WR,2,3,5
Quentin Johnston,WR,1,2,7
Xavier Worthy,WR,1,2,5
Josh Downs,WR,1,2,4
Chris Godwin Jr.,WR,1,1,1
Dallas Goedert,TE,1,2,3
Stefon Diggs,WR,1,2,7
Kenny Gainwell,RB,1,2,5
J.K. Dobbins,RB,1,1,2
KC Concepcion,WR,1,2,5
Matthew Golden,WR,1,2,3
Jake Ferguson,TE,1,1,2
Romeo Doubs,WR,1,2,3
Mark Andrews,TE,1,1,1
Chuba Hubbard,RB,1,2,3
Makai Lemon,WR,1,1,2
Isaiah Likely,TE,1,2,3
Michael Penix Jr.,QB,0,0,1
Blake Corum,RB,1,2,10
Kyle Monangai,RB,1,2,7
RJ Harvey,RB,1,2,4
Jacory Croskey-Merritt,RB,1,1,2
Rachaad White,RB,1,1,1
Jordan Mason,RB,1,1,1
Aaron Jones Sr.,RB,1,1,1
Tyjae Spears,RB,1,1,1
Deshaun Watson,QB,0,0,0
Jordyn Tyson,WR,1,1,2
Dalton Kincaid,TE,1,1,3
Denzel Boston,WR,0,0,1
Khalil Shakir,WR,1,1,1
Zach Charbonnet,RB,1,2,3
De'Zhaun Stribling,WR,1,1,2
Woody Marks,RB,0,1,1
Deebo Samuel Sr.,WR,0,0,0
Isiah Pacheco,RB,0,0,1
Alvin Kamara,RB,1,2,2
MarShawn Lloyd,RB,0,0,0
